INSERT INTO pizza.customers (first_name, last_name, phone, address, post_code)
VALUES
('John', 'Doe', '0412 345 678', '123 Main St', '4000'),
('Jane', 'Smith', '0423 456 789', '456 Elm St', '4011'),
('Michael', 'Johnson', '0434 567 890', '789 Oak St', '4022'),
('Emily', 'Williams', '0445 678 901', '987 Birch St', '4033'),
('William', 'Brown', '0456 789 012', '654 Pine St', '4044'),
('Olivia', 'Jones', '0467 890 123', '321 Maple St', '4055'),
('James', 'Davis', '0478 901 234', '789 Cedar St', '4066'),
('Sophia', 'Miller', '0489 012 345', '234 Walnut St', '4077'),
('Benjamin', 'Wilson', '0490 123 456', '567 Spruce St', '4088'),
('Isabella', 'Moore', '0491 234 567', '876 Poplar St', '4099'),
('Alexander', 'Taylor', '0492 345 678', '543 Fir St', '4100'),
('Mia', 'Anderson', '0493 456 789', '234 Elm St', '4111'),
('Ethan', 'White', '0494 567 890', '678 Oak St', '4122'),
('Emma', 'Martin', '0495 678 901', '987 Birch St', '4133'),
('Daniel', 'Thompson', '0496 789 012', '765 Pine St', '4144'),
('Ava', 'Hall', '0497 890 123', '234 Maple St', '4155'),
('Matthew', 'Adams', '0498 901 234', '789 Cedar St', '4166'),
('Liam', 'Clark', '0499 012 345', '876 Walnut St', '4177'),
('Sofia', 'Rodriguez', '0488 123 456', '543 Spruce St', '4188'),
('Amelia', 'Lewis', '0477 234 567', '234 Poplar St', '4199'),
('Lucas', 'Lee', '0466 345 678', '765 Fir St', '4200'),
('Grace', 'Walker', '0455 456 789', '987 Elm St', '4211'),
('Jackson', 'Hall', '0444 567 890', '654 Oak St', '4222'),
('Chloe', 'Green', '0433 678 901', '321 Birch St', '4233'),
('Sebastian', 'Turner', '0422 789 012', '876 Pine St', '4244'),
('Lily', 'Harris', '0411 890 123', '789 Maple St', '4255'),
('Zoe', 'King', '0421 012 345', '234 Cedar St', '4266'),
('Gabriel', 'Baker', '0431 123 456', '678 Walnut St', '4277'),
('Penelope', 'Evans', '0441 234 567', '987 Spruce St', '4288'),
('Anthony', 'Martinez', '0451 345 678', '654 Poplar St', '4299'),
('Aria', 'Wright', '0461 456 789', '321 Fir St', '4300'),
('Leo', 'Robinson', '0471 567 890', '765 Elm St', '4311'),
('Victoria', 'Perez', '0481 678 901', '987 Oak St', '4322'),
('Thomas', 'Garcia', '0491 789 012', '234 Birch St', '4333'),
('Riley', 'Jones', '0492 890 123', '876 Pine St', '4344'),
('Ella', 'Davis', '0493 012 345', '789 Cedar St', '4355'),
('Aaron', 'Moore', '0494 123 456', '543 Walnut St', '4366'),
('Nora', 'Smith', '0495 234 567', '234 Spruce St', '4377'),
('Elijah', 'Johnson', '0496 345 678', '765 Poplar St', '4388'),
('Hannah', 'Brown', '0497 456 789', '987 Fir St', '4399'),
('Eli', 'Williams', '0498 567 890', '654 Elm St', '4400'),
('Layla', 'Taylor', '0499 678 901', '321 Oak St', '4411'),
('David', 'Anderson', '0488 789 012', '876 Maple St', '4422'),
('Aubrey', 'Martin', '0477 890 123', '987 Cedar St', '4433'),
('Samuel', 'Thompson', '0466 901 234', '234 Pine St', '4444'),
('Avery', 'Hall', '0455 012 345', '765 Birch St', '4455'),
('Samantha', 'Adams', '0444 123 456', '876 Oak St', '4466'),
('Joseph', 'Clark', '0433 234 567', '543 Elm St', '4477'),
('Arianna', 'Rodriguez', '0422 345 678', '234 Cedar St', '4488'),
('Carson', 'Lewis', '0411 456 789', '765 Walnut St', '4499'),
('Grace', 'Lee', '0420 567 890', '987 Spruce St', '4500'),
('Liam', 'Wilson', '0412 345 678', '123 Main St', '4510'),
('Ava', 'Smith', '0423 456 789', '456 Elm St', '4520'),
('Noah', 'Johnson', '0434 567 890', '789 Oak St', '4530'),
('Olivia', 'Brown', '0445 678 901', '987 Birch St', '4540'),
('William', 'Miller', '0456 789 012', '654 Pine St', '4550'),
('Isabella', 'Davis', '0467 890 123', '321 Maple St', '4555'),
('James', 'Anderson', '0478 901 234', '789 Cedar St', '4551'),
('Sophia', 'Moore', '0489 012 345', '234 Walnut St', '4556'),
('Benjamin', 'Wilson', '0490 123 456', '567 Spruce St', '4521'),
('Mia', 'Johnson', '0491 234 567', '876 Poplar St', '4512'),
('Alexander', 'Hall', '0492 345 678', '543 Fir St', '4513'),
('Ethan', 'Lewis', '0493 456 789', '234 Elm St', '4522'),
('Emma', 'Martin', '0494 567 890', '678 Oak St', '4523'),
('Daniel', 'Clark', '0495 678 901', '987 Birch St', '4535'),
('Ava', 'Williams', '0496 789 012', '765 Pine St', '4545'),
('Matthew', 'Davis', '0497 890 123', '234 Maple St', '4556'),
('Liam', 'Miller', '0498 901 234', '789 Cedar St', '4554'),
('Sofia', 'Anderson', '0499 012 345', '876 Walnut St', '4543'),
('Amelia', 'Moore', '0488 123 456', '543 Spruce St', '4532'),
('Lucas', 'Smith', '0477 234 567', '234 Poplar St', '4514'),
('Grace', 'Johnson', '0466 345 678', '765 Fir St', '4515'),
('Jackson', 'Davis', '0455 456 789', '987 Elm St', '4516'),
('Chloe', 'Wilson', '0444 567 890', '654 Oak St', '4524'),
('Sebastian', 'Hall', '0433 678 901', '321 Birch St', '4525'),
('Lily', 'Brown', '0422 789 012', '876 Pine St', '4526'),
('Zoe', 'Miller', '0411 890 123', '789 Maple St', '4527'),
('Gabriel', 'Davis', '0421 012 345', '234 Cedar St', '4528'),
('Penelope', 'Smith', '0431 123 456', '678 Walnut St', '4529'),
('Anthony', 'Johnson', '0441 234 567', '987 Spruce St', '4530'),
('Aria', 'Hall', '0451 345 678', '654 Poplar St', '4531'),
('Leo', 'Lewis', '0461 456 789', '321 Fir St', '4532'),
('Victoria', 'Martin', '0471 567 890', '765 Elm St', '4533'),
('Thomas', 'Clark', '0481 678 901', '987 Oak St', '4534'),
('Riley', 'Anderson', '0491 789 012', '234 Birch St', '4535'),
('Ella', 'Moore', '0492 890 123', '876 Pine St', '4536'),
('Aaron', 'Davis', '0493 012 345', '789 Cedar St', '4537'),
('Nora', 'Miller', '0494 123 456', '543 Walnut St', '4538'),
('Elijah', 'Smith', '0495 234 567', '234 Spruce St', '4539'),
('Hannah', 'Johnson', '0496 345 678', '765 Poplar St', '4540'),
('Eli', 'Hall', '0497 456 789', '987 Fir St', '4541'),
('Layla', 'Lewis', '0498 567 890', '654 Elm St', '4542'),
('David', 'Martin', '0499 678 901', '321 Oak St', '4543'),
('Aubrey', 'Clark', '0488 789 012', '876 Maple St', '4544'),
('Samuel', 'Anderson', '0477 890 123', '987 Cedar St', '4545'),
('Avery', 'Moore', '0466 901 234', '234 Pine St', '4546'),
('Samantha', 'Davis', '0455 012 345', '765 Birch St', '4547'),
('Joseph', 'Smith', '0444 123 456', '876 Oak St', '4548'),
('Arianna', 'Johnson', '0433 234 567', '543 Elm St', '4549'),
('Carson', 'Hall', '0422 345 678', '234 Cedar St', '4550'),
('Grace', 'Lewis', '0411 456 789', '765 Walnut St', '4551');
INSERT INTO pizza.orders (order_id, customer_id, order_date, store_id)
VALUES
(1, 10, '2023-08-15', 1),
(2, 25, '2023-08-16', 1),
(3, 5, '2023-08-17', 1),
(4, 15, '2023-08-18', 1),
(5, 30, '2023-08-19', 1),
(6, 40, '2023-08-20', 1),
(7, 20, '2023-08-21', 1),
(8, 55, '2023-08-22', 1),
(9, 70, '2023-08-23', 1),
(10, 90, '2023-08-24', 1),
(11, 85, '2023-08-25', 1),
(12, 1, '2023-08-26', 1),
(13, 45, '2023-08-27', 1),
(14, 60, '2023-08-28', 1),
(15, 75, '2023-08-29', 1),
(16, 95, '2023-08-30', 1),
(17, 20, '2023-08-31', 1),
(18, 35, '2023-09-01', 1),
(19, 50, '2023-09-02', 1),
(20, 65, '2023-09-03', 1),
(21, 80, '2023-09-04', 1),
(22, 10, '2023-09-05', 1),
(23, 25, '2023-09-06', 1),
(24, 40, '2023-09-07', 1),
(25, 55, '2023-09-08', 1),
(26, 70, '2023-09-09', 1),
(27, 85, '2023-09-10', 1),
(28, 2, '2023-09-11', 1),
(29, 18, '2023-09-12', 1),
(30, 35, '2023-09-13', 1),
(31, 50, '2023-09-14', 1),
(32, 67, '2023-09-15', 1),
(33, 83, '2023-09-16', 1),
(34, 7, '2023-09-17', 1),
(35, 23, '2023-09-18', 1),
(36, 40, '2023-09-19', 1),
(37, 57, '2023-09-20', 1),
(38, 72, '2023-09-21', 1),
(39, 87, '2023-09-22', 1),
(40, 15, '2023-09-23', 1),
(41, 31, '2023-09-24', 1),
(42, 47, '2023-09-25', 1),
(43, 63, '2023-09-26', 1),
(44, 78, '2023-09-27', 1),
(45, 95, '2023-09-28', 1),
(46, 5, '2023-09-29', 1),
(47, 22, '2023-09-30', 1),
(48, 39, '2023-10-01', 1),
(49, 56, '2023-10-02', 1),
(50, 73, '2023-10-03', 1);
INSERT INTO pizza.orders (order_id, customer_id, order_date, store_id)
VALUES
(51, 10, '2023-08-15', 1),
(52, 25, '2023-08-16', 1),
(53, 5, '2023-08-17', 1),
(54, 15, '2023-08-18', 1),
(55, 30, '2023-08-19', 1),
(56, 40, '2023-08-20', 1),
(57, 20, '2023-08-21', 1),
(58, 55, '2023-08-22', 1),
(59, 70, '2023-08-23', 1),
(60, 90, '2023-08-24', 1),
(61, 85, '2023-08-25', 1),
(62, 1, '2023-08-26', 1),
(63, 45, '2023-08-27', 1),
(64, 60, '2023-08-28', 1),
(65, 75, '2023-08-29', 1),
(66, 95, '2023-08-30', 1),
(67, 20, '2023-08-31', 1),
(68, 35, '2023-09-01', 1),
(69, 50, '2023-09-02', 1),
(70, 65, '2023-09-03', 1),
(71, 80, '2023-09-04', 1),
(72, 10, '2023-09-05', 1),
(73, 25, '2023-09-06', 1),
(74, 40, '2023-09-07', 1),
(75, 55, '2023-09-08', 1),
(76, 70, '2023-09-09', 1),
(77, 85, '2023-09-10', 1),
(78, 2, '2023-09-11', 1),
(79, 18, '2023-09-12', 1),
(80, 35, '2023-09-13', 1);
INSERT INTO pizza.orders (order_id, customer_id, order_date, store_id)
VALUES
(81, 50, '2023-09-14', 1),
(82, 67, '2023-09-15', 1),
(83, 83, '2023-09-16', 1),
(84, 7, '2023-09-17', 1),
(85, 23, '2023-09-18', 1),
(86, 40, '2023-09-19', 1),
(87, 57, '2023-09-20', 1),
(88, 72, '2023-09-21', 1),
(89, 87, '2023-09-22', 1),
(90, 15, '2023-09-23', 1),
(91, 31, '2023-09-24', 1),
(92, 47, '2023-09-25', 1),
(93, 63, '2023-09-26', 1),
(94, 78, '2023-09-27', 1),
(95, 95, '2023-09-28', 1),
(96, 5, '2023-09-29', 1),
(97, 22, '2023-09-30', 1),
(98, 39, '2023-10-01', 1),
(99, 56, '2023-10-02', 1),
(100, 73, '2023-10-03', 1);
INSERT INTO pizza.orders (order_id, customer_id, order_date, store_id)
VALUES
(101, 10, '2023-08-16', 1),
(102, 25, '2023-08-17', 1),
(103, 5, '2023-08-18', 1),
(104, 15, '2023-08-19', 1),
(105, 30, '2023-08-20', 1),
(106, 40, '2023-08-21', 1),
(107, 20, '2023-08-22', 1),
(108, 55, '2023-08-23', 1),
(109, 70, '2023-08-24', 1),
(110, 90, '2023-08-25', 1),
(111, 85, '2023-08-26', 1),
(112, 1, '2023-08-27', 1),
(113, 45, '2023-08-28', 1),
(114, 60, '2023-08-29', 1),
(115, 75, '2023-08-30', 1),
(116, 95, '2023-08-31', 1),
(117, 20, '2023-09-01', 1),
(118, 35, '2023-09-02', 1),
(119, 50, '2023-09-03', 1),
(120, 65, '2023-09-04', 1);
INSERT INTO pizza.order_items (order_item_id, order_id, product_name, quantity,
list_price)
VALUES
(1, 1, 'Meatlovers', 2, 20.50),
(2, 1, 'Hawaiian', 1, 18.75),
(3, 2, 'Vegetarian', 3, 19.80),
(4, 3, 'Pepperoni', 2, 21.40),
(5, 4, 'Margherita', 1, 18.40),
(6, 4, 'Supreme', 2, 22.00),
(7, 5, 'Meatlovers', 1, 20.50),
(8, 6, 'Hawaiian', 2, 18.75),
(9, 6, 'Supreme', 2, 22.00),
(10, 7, 'Vegetarian', 3, 19.80),
(11, 8, 'Pepperoni', 2, 21.40),
(12, 8, 'Margherita', 1, 18.40),
(13, 8, 'Hawaiian', 2, 18.75),
(14, 9, 'Supreme', 1, 22.00),
(15, 9, 'Meatlovers', 2, 20.50),
(16, 10, 'Pepperoni', 3, 21.40),
(17, 11, 'Margherita', 2, 18.40),
(18, 12, 'Hawaiian', 1, 18.75),
(19, 12, 'Vegetarian', 2, 19.80),
(20, 12, 'Supreme', 1, 22.00);
INSERT INTO pizza.order_items (order_item_id, order_id, product_name, quantity,
list_price)
VALUES
(21, 13, 'Pepperoni', 2, 21.40),
(22, 14, 'Margherita', 1, 18.40),
(23, 15, 'Hawaiian', 2, 18.75),
(24, 16, 'Supreme', 2, 22.00),
(25, 17, 'Meatlovers', 1, 20.50),
(26, 18, 'Vegetarian', 3, 19.80),
(27, 18, 'Pepperoni', 2, 21.40),
(28, 19, 'Margherita', 1, 18.40),
(29, 19, 'Hawaiian', 2, 18.75),
(30, 20, 'Supreme', 3, 22.00),
(31, 21, 'Meatlovers', 1, 20.50),
(32, 21, 'Pepperoni', 2, 21.40),
(33, 22, 'Margherita', 1, 18.40),
(34, 23, 'Hawaiian', 2, 18.75),
(35, 23, 'Supreme', 2, 22.00),
(36, 24, 'Vegetarian', 1, 19.80),
(37, 25, 'Meatlovers', 2, 20.50),
(38, 26, 'Pepperoni', 3, 21.40),
(39, 27, 'Margherita', 1, 18.40),
(40, 27, 'Hawaiian', 2, 18.75),
(41, 27, 'Supreme', 2, 22.00),
(42, 28, 'Meatlovers', 1, 20.50),
(43, 28, 'Vegetarian', 2, 19.80),
(44, 29, 'Pepperoni', 3, 21.40),
(45, 30, 'Margherita', 1, 18.40),
(46, 31, 'Hawaiian', 2, 18.75),
(47, 31, 'Supreme', 2, 22.00),
(48, 32, 'Meatlovers', 1, 20.50),
(49, 33, 'Pepperoni', 2, 21.40),
(50, 34, 'Margherita', 1, 18.40),
(51, 35, 'Hawaiian', 2, 18.75),
(52, 36, 'Supreme', 3, 22.00),
(53, 37, 'Meatlovers', 1, 20.50),
(54, 37, 'Pepperoni', 2, 21.40),
(55, 37, 'Vegetarian', 2, 19.80),
(56, 38, 'Margherita', 1, 18.40),
(57, 39, 'Hawaiian', 2, 18.75),
(58, 40, 'Supreme', 3, 22.00),
(59, 41, 'Meatlovers', 1, 20.50),
(60, 41, 'Pepperoni', 2, 21.40),
(61, 42, 'Margherita', 1, 18.40),
(62, 43, 'Hawaiian', 2, 18.75),
(63, 43, 'Supreme', 2, 22.00),
(64, 44, 'Meatlovers', 1, 20.50),
(65, 45, 'Vegetarian', 2, 19.80),
(66, 46, 'Pepperoni', 3, 21.40),
(67, 46, 'Margherita', 1, 18.40),
(68, 47, 'Hawaiian', 2, 18.75),
(69, 47, 'Supreme', 2, 22.00),
(70, 48, 'Meatlovers', 1, 20.50),
(71, 49, 'Pepperoni', 2, 21.40),
(72, 50, 'Margherita', 1, 18.40),
(73, 51, 'Hawaiian', 2, 18.75),
(74, 51, 'Supreme', 3, 22.00),
(75, 52, 'Meatlovers', 1, 20.50),
(76, 53, 'Pepperoni', 2, 21.40),
(77, 54, 'Margherita', 1, 18.40),
(78, 54, 'Hawaiian', 2, 18.75),
(79, 55, 'Supreme', 2, 22.00),
(80, 56, 'Meatlovers', 1, 20.50),
(81, 57, 'Vegetarian', 2, 19.80),
(82, 57, 'Pepperoni', 3, 21.40),
(83, 58, 'Margherita', 1, 18.40),
(84, 59, 'Hawaiian', 2, 18.75),
(85, 60, 'Supreme', 2, 22.00),
(86, 61, 'Meatlovers', 1, 20.50),
(87, 62, 'Pepperoni', 2, 21.40),
(88, 62, 'Margherita', 1, 18.40),
(89, 63, 'Hawaiian', 2, 18.75),
(90, 63, 'Supreme', 3, 22.00),
(91, 64, 'Meatlovers', 1, 20.50),
(92, 64, 'Vegetarian', 2, 19.80),
(93, 65, 'Pepperoni', 3, 21.40),
(94, 66, 'Margherita', 1, 18.40),
(95, 67, 'Hawaiian', 2, 18.75),
(96, 67, 'Supreme', 2, 22.00),
(97, 68, 'Meatlovers', 1, 20.50),
(98, 68, 'Pepperoni', 2, 21.40),
(99, 69, 'Margherita', 1, 18.40),
(100, 70, 'Hawaiian', 2, 18.75),
(101, 71, 'Supreme', 3, 22.00),
(102, 72, 'Meatlovers', 1, 20.50),
(103, 72, 'Vegetarian', 2, 19.80),
(104, 73, 'Pepperoni', 3, 21.40),
(105, 74, 'Margherita', 1, 18.40),
(106, 75, 'Hawaiian', 2, 18.75),
(107, 75, 'Supreme', 2, 22.00),
(108, 76, 'Meatlovers', 1, 20.50),
(109, 76, 'Pepperoni', 2, 21.40),
(110, 77, 'Margherita', 1, 18.40),
(111, 78, 'Hawaiian', 2, 18.75),
(112, 78, 'Supreme', 3, 22.00),
(113, 79, 'Meatlovers', 1, 20.50),
(114, 80, 'Vegetarian', 2, 19.80),
(115, 80, 'Pepperoni', 3, 21.40),
(116, 81, 'Margherita', 1, 18.40),
(117, 82, 'Hawaiian', 2, 18.75),
(118, 83, 'Supreme', 2, 22.00),
(119, 84, 'Meatlovers', 1, 20.50),
(120, 84, 'Pepperoni', 2, 21.40),
(121, 85, 'Margherita', 1, 18.40),
(122, 85, 'Hawaiian', 2, 18.75),
(123, 86, 'Supreme', 3, 22.00),
(124, 87, 'Meatlovers', 1, 20.50),
(125, 87, 'Vegetarian', 2, 19.80),
(126, 88, 'Pepperoni', 3, 21.40),
(127, 89, 'Margherita', 1, 18.40),
(128, 90, 'Hawaiian', 2, 18.75),
(129, 90, 'Supreme', 2, 22.00),
(130, 91, 'Meatlovers', 1, 20.50),
(131, 92, 'Pepperoni', 2, 21.40),
(132, 93, 'Margherita', 1, 18.40),
(133, 94, 'Hawaiian', 2, 18.75),
(134, 94, 'Supreme', 3, 22.00),
(135, 95, 'Meatlovers', 1, 20.50),
(136, 95, 'Vegetarian', 2, 19.80),
(137, 96, 'Pepperoni', 3, 21.40),
(138, 97, 'Margherita', 1, 18.40),
(139, 98, 'Hawaiian', 2, 18.75),
(140, 98, 'Supreme', 2, 22.00),
(141, 99, 'Meatlovers', 1, 20.50),
(142, 99, 'Pepperoni', 2, 21.40),
(143, 100, 'Margherita', 1, 18.40),
(144, 101, 'Hawaiian', 2, 18.75),
(145, 101, 'Supreme', 3, 22.00),
(146, 102, 'Meatlovers', 1, 20.50),
(147, 103, 'Pepperoni', 2, 21.40),
(148, 104, 'Margherita', 1, 18.40),
(149, 104, 'Hawaiian', 2, 18.75),
(150, 105, 'Supreme', 2, 22.00),
(151, 106, 'Pepperoni', 2, 21.40),
(152, 107, 'Margherita', 1, 18.40),
(153, 108, 'Hawaiian', 2, 18.75),
(154, 109, 'Supreme', 2, 22.00),
(155, 110, 'Meatlovers', 1, 20.50),
(156, 111, 'Vegetarian', 3, 19.80),
(157, 111, 'Pepperoni', 2, 21.40),
(158, 112, 'Margherita', 1, 18.40),
(159, 112, 'Hawaiian', 2, 18.75),
(160, 113, 'Supreme', 3, 22.00),
(161, 114, 'Meatlovers', 1, 20.50),
(162, 114, 'Pepperoni', 2, 21.40),
(163, 115, 'Margherita', 1, 18.40),
(164, 116, 'Hawaiian', 2, 18.75),
(165, 116, 'Supreme', 2, 22.00),
(166, 117, 'Vegetarian', 1, 19.80),
(167, 117, 'Meatlovers', 2, 20.50),
(168, 118, 'Margherita', 1, 18.40),
(169, 119, 'Hawaiian', 2, 18.75),
(170, 119, 'Supreme', 3, 22.00),
(171, 120, 'Meatlovers', 1, 20.50);